family_name,first_name,family_name_kana,first_name_kana,sex,email,password,grade,ls_choice,school_code
田中,健二,タナカ,ケンジ,1,975XK@test.com,password123,3,,
田中,一郎,タナカ,イチロウ,1,Fyy00@test.com,password123,4,,
佐藤,哲郎,サトウ,テツロウ,1,xQ5Yb@test.com,password123,5,,
吉田,正明,ヨシダ,マサアキ,1,p40eV@test.com,password123,1,,
岡田,真一,オカダ,シンイチ,1,7K99b@test.com,password123,3,,
山本,久,ヤマモト,ヒサシ,1,ja8LZ@test.com,password123,7,,
森 ,二,モリ,ユウジ,1,P35hu@test.com,password123,6,,
坂本,雅之,サカモト,マサユキ,1,MfSk8@test.com,password123,3,,
小林,隆弘,コバヤシ,タカヒロ,1,1Jh0k@test.com,password123,1,,
佐藤,恭介,サトウ,キョウスケ,1,fOZ8r@test.com,password123,1,,
大野,篤,オオノ,アツシ,1,vuKg0@test.com,password123,7,,
森 ,志,モリ,アツシ,1,0AHA8@test.com,password123,7,,
石井,遼,イシイ,リョウ,1,ydGBP@test.com,password123,7,,
本田,淳,ホンダ,アツシ,1,mBFD7@test.com,password123,6,,
川上,智,カワカミ,サトシ,1,Llwm7@test.com,password123,5,,
山口,一朗,ヤマグチ,イチロウ,1,26xSO@test.com,password123,4,,
福本,真一,フクモト,シンイチ,1,F954c@test.com,password123,1,,
望月,健介,モチヅキ,ケンスケ,1,g8aR7@test.com,password123,5,,
田中,博巳,タナカ,ヒロミ,1,tmayV@test.com,password123,3,,
上原,秀一,ウエハラ,シュウイチ,1,0fFew@test.com,password123,3,,
鈴木,範行,スズキ,ノリユキ,1,hmJxZ@test.com,password123,5,,
前田,将吾,マエダ,ショウゴ,1,Vj4Ao@test.com,password123,7,,
大島,貴弘,オオシマ,タカヒロ,1,C2wTN@test.com,password123,1,,
丸山,務,マルヤマ,ツトム,1,Q06t5@test.com,password123,1,,
内田,友彦,ウチダ,トモヒコ,1,UCox6@test.com,password123,5,,
小野,光平,オノ,コウヘイ,1,M4vJF@test.com,password123,6,,
井上,昌洋,イノウエ,マサヒロ,1,oH4zV@test.com,password123,7,,
志賀,武,シガ,タケシ,1,A8I30@test.com,password123,3,,
高山,昭,タカヤマ,アキラ,1,QAR95@test.com,password123,3,,
滝川,拓也,タキガワ,タクヤ,1,0cuDy@test.com,password123,7,,
小野田, 正明,オノダ,マサアキ,1,2VL9U@test.com,password123,4,,
岡部,敬一,オカベ,ケイイチ,1,Cu8s2@test.com,password123,2,,
竹島,純一,タケシマ,ジュンイチ,1,9A88p@test.com,password123,2,,
小原,良平,オバラ,リョウヘイ,1,akrEM@test.com,password123,2,,
濱崎,祐一,ハマサキ,ユウイチ,1,Tng3q@test.com,password123,6,,
桑野,憲一,クワノ,ケンイチ,1,opIaY@test.com,password123,4,,
皆川,直輝,ミナガワ,ナオキ,1,D57ob@test.com,password123,3,,
大西,雅臣,オオニシ,マサオミ,1,3YhVl@test.com,password123,3,,
木村,盛和,キムラ,モリカズ,1,orW4O@test.com,password123,6,,
藤本,俊佑,フジモト,シュンスケ,1,Y91z0@test.com,password123,6,,
大塚,満男,オオツカ,ミツオ,1,LPpgB@test.com,password123,1,,
國方,健太,クニカタ,ケンタ,1,Qdo86@test.com,password123,1,,
松尾,優喜,マツオ,ユウキ,1,IF3Lb@test.com,password123,2,,
杉本,恭章,スギモト,ヤスアキ,1,7rGY0@test.com,password123,6,,
田崎,恵一,タザキ,ケイイチ,1,B7V99@test.com,password123,7,,
伊勢, 亮,イセムラ,リョウ,1,2YJh0@test.com,password123,7,,
相田,和生,アイダ,カズオ,1,ROqVx@test.com,password123,2,,
細井,貴俊,ホソイ,タカトシ,1,ep3eg@test.com,password123,3,,
秋,拡,アキモト,ヒロム,1,hGyEI@test.com,password123,7,,
糸井,貴昭,イトイ,タカアキ,1,j9fot@test.com,password123,1,,
天願,憲一,テンガン,ケンイチ,1,0EW3L@test.com,password123,4,,
堤下,一郎,ツツミシタ,イチロウ,1,Uy45A@test.com,password123,3,,
板倉,克正,イタクラ,カツマサ,1,8k5nO@test.com,password123,7,,
漆原,重人,ウルシバラ,シゲト,1,dzED9@test.com,password123,6,,
住田,則和,スミダ,ノリカズ,1,1H2e6@test.com,password123,4,,
小田部, 康男,オタベ,ヤスオ,1,301hN@test.com,password123,3,,
白木,敏樹,シロキ,トシキ,1,P2dl7@test.com,password123,3,,
藤間,邦典,フジマ,クニノリ,1,WNGXH@test.com,password123,5,,
道地,建,ドウチ,タケル,1,7Xst4@test.com,password123,1,,
橋屋,希,ハシヤ,ノゾム,1,NA0MY@test.com,password123,3,,
佐藤,麻衣,サトウ,マイ,2,55jDf@test.com,password123,2,,
高橋,加奈,タカハシ,カナ,2,6dI0U@test.com,password123,3,,
岡,愛,オカザキ,アイ,2,kyYil@test.com,password123,2,,
大野,典子,オオノ,ノリコ,2,H8d64@test.com,password123,1,,
林,鶴,ハヤシ,チヅル,2,4NNme@test.com,password123,5,,
石田,桃子,イシダ,モモコ,2,ovv30@test.com,password123,3,,
齋藤,奈央,サイトウ,ナオ,2,zPbtV@test.com,password123,6,,
松本,里佳,マツモト,リカ,2,Sd947@test.com,password123,1,,
石井,亜希,イシイ,アキ,2,nj139@test.com,password123,7,,
久保 ,亜希子,クボ,アキコ,2,8hv55@test.com,password123,7,,
佐々木, 玲奈,ササキ,レナ,2,49I77@test.com,password123,3,,
土屋,久美,ツチヤ,クミ,2,SRu2m@test.com,password123,2,,
柴田,真澄,シバタ,マスミ,2,Rh7wJ@test.com,password123,7,,
青山,美保,アオヤマ,ミホ,2,Bp9l1@test.com,password123,5,,
野澤,恵子,ノザワ,ケイコ,2,44G80@test.com,password123,2,,
田中,朝子,タナカ,トモコ,2,6iBT4@test.com,password123,4,,
山田 ,麻菜美,ヤマダ,マナミ,2,qMgzA@test.com,password123,5,,
神田,弘美,カンダ,ヒロミ,2,5UtD8@test.com,password123,7,,
長谷,千尋,ハセ,チヒロ,2,m0MTM@test.com,password123,5,,
矢田,麻美,ヤダ,アサミ,2,Z6e1T@test.com,password123,1,,
宮崎 ,眞由美,ミヤザキ,マユミ,2,6250d@test.com,password123,2,,
岩佐,早紀,イワサ,サキ,2,p5fC8@test.com,password123,3,,
平林,裕美,ヒラバヤシ,ユミ,2,xf790@test.com,password123,6,,
若松,景子,ワカマツ,ケイコ,2,kfJhL@test.com,password123,1,,
岡本 ,なるみ,オカモト,ナルミ,2,3SqMJ@test.com,password123,5,,
水島,宏美,ミズシマ,ヒロミ,2,7GdWZ@test.com,password123,3,,
奥川,美穂,オクガワ,ミホ,2,24k9d@test.com,password123,2,,
根岸,美鈴,ネギシ,ミスズ,2,zk1M5@test.com,password123,6,,
平川,里菜,ヒラカワ,リナ,2,Wox1m@test.com,password123,3,,
藤島,涼子,フジシマ,リョウコ,2,6x06Y@test.com,password123,7,,
舘 ,とみ,タチ,ヒトミ,2,TF3nH@test.com,password123,4,,
増子,恵子,マシコ,ケイコ,2,adw3c@test.com,password123,5,,
藤本,希実,フジモト,ノゾミ,2,v0Vnc@test.com,password123,4,,
柴,愛,シバタ,マナミ,2,0wwXF@test.com,password123,3,,
嶋岡,麻衣,シマオカ,マイ,2,vy6X5@test.com,password123,4,,
江川,公子,エガワ,キミコ,2,99eHD@test.com,password123,6,,
中,佳,ナカ,アヤカ,2,N9rG3@test.com,password123,6,,
井村 ,奈々子,イムラ,ナナコ,2,1NfUM@test.com,password123,3,,
竹田,さや,タケダ,サヤ,2,fxOXs@test.com,password123,4,,
土屋 ,茉衣子,ツチヤ,マイコ,2,Ur5E8@test.com,password123,7,,
田邊,亜実,タナベ,アミ,2,6yx10@test.com,password123,1,,
藤川,真代,フジカワ,マサヨ,2,0oHr2@test.com,password123,1,,
小野田, るみ,オノダ,ルミ,2,H5w2V@test.com,password123,1,,
乗田,直子,ノリタ,ナオコ,2,2y00e@test.com,password123,4,,
中野,亜唯,ナカノ,アイ,2,CpaI3@test.com,password123,7,,
近藤,昌見,コンドウ,マサミ,2,DK8w9@test.com,password123,7,,
峯岸,早貴,ミネギシ,サキ,2,kjCQS@test.com,password123,5,,
綾波,千絵,アヤナミ,チエ,2,wx30k@test.com,password123,4,,
金,恵,カネオ,メグミ,2,VlG0s@test.com,password123,3,,
西,梨,ニシ,ミリ,2,n3W45@test.com,password123,6,,
澤中,昌子,サワナカ,マサコ,2,6M5v9@test.com,password123,6,,
竹並,景子,タケナミ,ケイコ,2,2wqJa@test.com,password123,7,,
喜納,輝子,キナ,テルコ,2,DmZB8@test.com,password123,3,,
堀埜,和子,ホリノ,カズコ,2,41z3z@test.com,password123,2,,
滝川 ,すみ子,タキガワ,スミコ,2,w8gwF@test.com,password123,3,,
幸前,留美,コウゼン,ルミ,2,Gc8qO@test.com,password123,6,,
春名,舞夏,ハルナ,マイカ,2,3jBBX@test.com,password123,5,,
小平,真唯,オダイラ,マイ,2,J1CSd@test.com,password123,6,,
宮倉,磨美,ミヤクラ,マミ,2,7N17a@test.com,password123,1,,
比氣 ,菜穂子,ヒキ,ナホコ,2,56olZ@test.com,password123,1,,